{
    "summary": {
        "RMF": 0.8888888888888888,
        "AN": 0.1111111111111111,
        "AL": 0.1111111111111111
    },
    "details": {
        "0": {
            "0": {
                "RMF": 0.8888888888888888,
                "AN": 0.1111111111111111,
                "AL": 0.1111111111111111
            }
        },
        "1": {
            "1": {
                "RMF": 0.8888888888888888,
                "AN": 0.1111111111111111,
                "AL": 0.1111111111111111
            }
        },
        "2": {
            "2": {
                "RMF": 0.8888888888888888,
                "AN": 0.1111111111111111,
                "AL": 0.1111111111111111
            }
        },
        "3": {
            "3": {
                "RMF": 0.8888888888888888,
                "AN": 0.1111111111111111,
                "AL": 0.1111111111111111
            }
        },
        "4": {
            "4": {
                "RMF": 0.8888888888888888,
                "AN": 0.1111111111111111,
                "AL": 0.1111111111111111
            }
        },
        "5": {
            "5": {
                "RMF": 0.8888888888888888,
                "AN": 0.1111111111111111,
                "AL": 0.1111111111111111
            }
        },
        "6": {
            "6": {
                "RMF": 0.8888888888888888,
                "AN": 0.1111111111111111,
                "AL": 0.1111111111111111
            }
        },
        "7": {
            "7": {
                "RMF": 0.8888888888888888,
                "AN": 0.1111111111111111,
                "AL": 0.1111111111111111
            }
        }
    }
}