usr_id,traj_id,RMF,AN,AL
0,0,8.863317264443221,0.9970326409495549,0.9992331417733902
