{
    "summary": {
        "RMF": 2.59748427672956,
        "AN": 0.0440251572327044,
        "AL": 0.0440251572327044
    },
    "details": {
        "0": {
            "0": {
                "RMF": 1.1320754716981132,
                "AN": 0.05660377358490566,
                "AL": 0.05660377358490566
            }
        },
        "1": {
            "1": {
                "RMF": 3.660377358490566,
                "AN": 0.018867924528301886,
                "AL": 0.018867924528301886
            }
        },
        "2": {
            "2": {
                "RMF": 3.0,
                "AN": 0.05660377358490566,
                "AL": 0.05660377358490566
            }
        }
    }
}