usr_id,traj_id,RMF,AN,AL
0,0,0.6736499968597125,0.9821958456973294,0.9979239137318582
