{
    "summary": {
        "RMF": 9.099415204678362,
        "AN": 0.052631578947368425,
        "AL": 0.052631578947368425
    },
    "details": {
        "0": {
            "0": {
                "RMF": 1.894736842105263,
                "AN": 0.05263157894736842,
                "AL": 0.05263157894736842
            }
        },
        "1": {
            "1": {
                "RMF": 10.157894736842104,
                "AN": 0.0,
                "AL": 0.0
            }
        },
        "2": {
            "2": {
                "RMF": 16.63157894736842,
                "AN": 0.0,
                "AL": 0.0
            }
        },
        "3": {
            "3": {
                "RMF": 15.578947368421053,
                "AN": 0.05263157894736842,
                "AL": 0.05263157894736842
            }
        },
        "4": {
            "4": {
                "RMF": 3.6842105263157894,
                "AN": 0.10526315789473684,
                "AL": 0.10526315789473684
            }
        },
        "5": {
            "5": {
                "RMF": 10.578947368421053,
                "AN": 0.0,
                "AL": 0.0
            }
        },
        "6": {
            "6": {
                "RMF": 1.4210526315789473,
                "AN": 0.05263157894736842,
                "AL": 0.05263157894736842
            }
        },
        "7": {
            "7": {
                "RMF": 14.789473684210526,
                "AN": 0.05263157894736842,
                "AL": 0.05263157894736842
            }
        },
        "8": {
            "8": {
                "RMF": 12.578947368421053,
                "AN": 0.05263157894736842,
                "AL": 0.05263157894736842
            }
        },
        "9": {
            "9": {
                "RMF": 14.31578947368421,
                "AN": 0.05263157894736842,
                "AL": 0.05263157894736842
            }
        },
        "10": {
            "10": {
                "RMF": 3.8421052631578947,
                "AN": 0.05263157894736842,
                "AL": 0.05263157894736842
            }
        },
        "11": {
            "11": {
                "RMF": 2.9473684210526314,
                "AN": 0.15789473684210525,
                "AL": 0.15789473684210525
            }
        },
        "12": {
            "12": {
                "RMF": 14.68421052631579,
                "AN": 0.10526315789473684,
                "AL": 0.10526315789473684
            }
        },
        "13": {
            "13": {
                "RMF": 16.05263157894737,
                "AN": 0.0,
                "AL": 0.0
            }
        },
        "14": {
            "14": {
                "RMF": 1.9473684210526316,
                "AN": 0.05263157894736842,
                "AL": 0.05263157894736842
            }
        },
        "15": {
            "15": {
                "RMF": 15.473684210526315,
                "AN": 0.0,
                "AL": 0.0
            }
        },
        "16": {
            "16": {
                "RMF": 6.105263157894737,
                "AN": 0.10526315789473684,
                "AL": 0.10526315789473684
            }
        },
        "17": {
            "17": {
                "RMF": 1.105263157894737,
                "AN": 0.05263157894736842,
                "AL": 0.05263157894736842
            }
        }
    }
}