{"Recall@1": 0.15347227161723215, "ACC@1": 0.15347227161723215, "F1@1": 0.15347227161723215, "MRR@1": 0.15347227161723215, "MRR": 0.24180307277066468, "MAP@1": 0.15347227161723215, "NDCG@1": 0.15347227161723215, "Recall@5": 0.34853118998506294, "ACC@5": 0.34853118998506294, "F1@5": 0.11617706332835431, "MRR@5": 0.2249187946036939, "MAP@5": 0.2249187946036939, "NDCG@5": 0.25567290233549517, "Recall@10": 0.43407544396234915, "ACC@10": 0.43407544396234915, "F1@10": 0.07892280799315439, "MRR@10": 0.23646608717381898, "MAP@10": 0.23646608717381898, "NDCG@10": 0.28346698809596543, "Recall@20": 0.510325532873367, "ACC@20": 0.510325532873367, "F1@20": 0.04860243170222542, "MRR@20": 0.24180307277066468, "MAP@20": 0.24180307277066468, "NDCG@20": 0.30280173148168804}