{"Recall@1": 0.07055978376840458, "ACC@1": 0.07055978376840458, "F1@1": 0.07055978376840458, "MRR@1": 0.07055978376840458, "MRR": 0.154088102018504, "MAP@1": 0.07055978376840458, "NDCG@1": 0.07055978376840458, "Recall@5": 0.2506579415321147, "ACC@5": 0.2506579415321147, "F1@5": 0.08355264717737156, "MRR@5": 0.13204985339561048, "MAP@5": 0.13204985339561048, "NDCG@5": 0.16130252748544832, "Recall@10": 0.36206937430353037, "ACC@10": 0.36206937430353037, "F1@10": 0.06583079532791461, "MRR@10": 0.14688061574219904, "MAP@10": 0.14688061574219904, "NDCG@10": 0.19729243112884304, "Recall@20": 0.4646134148943737, "ACC@20": 0.4646134148943737, "F1@20": 0.04424889665660702, "MRR@20": 0.154088102018504, "MAP@20": 0.154088102018504, "NDCG@20": 0.22333520047501706}