{"Recall@1": 0.03867036536500937, "ACC@1": 0.03867036536500937, "F1@1": 0.03867036536500937, "MRR@1": 0.03867036536500937, "MRR": 0.07111332453729056, "MAP@1": 0.03867036536500937, "NDCG@1": 0.03867036536500937, "Recall@5": 0.10458306660027977, "ACC@5": 0.10458306660027977, "F1@5": 0.03486102220009326, "MRR@5": 0.061504295390062365, "MAP@5": 0.061504295390062365, "NDCG@5": 0.07214500504905405, "Recall@10": 0.14590890769850867, "ACC@10": 0.14590890769850867, "F1@10": 0.026528892308819756, "MRR@10": 0.06692715242754359, "MAP@10": 0.06692715242754359, "NDCG@10": 0.08541207227997819, "Recall@20": 0.20795694335775422, "ACC@20": 0.20795694335775422, "F1@20": 0.019805423176928974, "MRR@20": 0.07111332453729056, "MAP@20": 0.07111332453729056, "NDCG@20": 0.10094620954097597}