{"Recall@1": 0.17322237238305238, "ACC@1": 0.17322237238305238, "F1@1": 0.17322237238305238, "MRR@1": 0.17322237238305238, "MRR": 0.2574350917604067, "MAP@1": 0.17322237238305238, "NDCG@1": 0.17322237238305238, "Recall@5": 0.35960357540839794, "ACC@5": 0.35960357540839794, "F1@5": 0.11986785846946599, "MRR@5": 0.24116580126609352, "MAP@5": 0.24116580126609352, "NDCG@5": 0.27060775413209287, "Recall@10": 0.4423263864191384, "ACC@10": 0.4423263864191384, "F1@10": 0.08042297934893425, "MRR@10": 0.2522983545157949, "MAP@10": 0.2522983545157949, "NDCG@10": 0.2974509639644924, "Recall@20": 0.5158261611778931, "ACC@20": 0.5158261611778931, "F1@20": 0.049126301064561256, "MRR@20": 0.2574350917604067, "MAP@20": 0.2574350917604067, "NDCG@20": 0.31608042363394223}