{"Recall@1": 0.033501671527135644, "ACC@1": 0.033501671527135644, "F1@1": 0.033501671527135644, "MRR@1": 0.033501671527135644, "MRR": 0.07729143632190541, "MAP@1": 0.033501671527135644, "NDCG@1": 0.033501671527135644, "Recall@5": 0.12805557531355952, "ACC@5": 0.12805557531355952, "F1@5": 0.04268519177118651, "MRR@5": 0.06778101809042839, "MAP@5": 0.06778101809042839, "NDCG@5": 0.08276134665014444, "Recall@10": 0.17286672831163905, "ACC@10": 0.17286672831163905, "F1@10": 0.03143031423847983, "MRR@10": 0.07377159785047968, "MAP@10": 0.07377159785047968, "NDCG@10": 0.09726145362580205, "Recall@20": 0.22341560566185362, "ACC@20": 0.22341560566185362, "F1@20": 0.021277676729700344, "MRR@20": 0.07729143632190541, "MAP@20": 0.07729143632190541, "NDCG@20": 0.11005828611712262}