{"Recall@1": 0.18967683808710908, "ACC@1": 0.18967683808710908, "F1@1": 0.18967683808710908, "MRR@1": 0.18967683808710908, "MRR": 0.2679521421607739, "MAP@1": 0.18967683808710908, "NDCG@1": 0.18967683808710908, "Recall@5": 0.3653175901557721, "ACC@5": 0.3653175901557721, "F1@5": 0.12177253005192404, "MRR@5": 0.25543898333214937, "MAP@5": 0.25543898333214937, "NDCG@5": 0.28284924216833185, "Recall@10": 0.429001588543519, "ACC@10": 0.429001588543519, "F1@10": 0.07800028882609436, "MRR@10": 0.26403910617048165, "MAP@10": 0.26403910617048165, "NDCG@10": 0.30354559961025185, "Recall@20": 0.4853118998506295, "ACC@20": 0.4853118998506295, "F1@20": 0.04622018093815519, "MRR@20": 0.2679521421607739, "MAP@20": 0.2679521421607739, "NDCG@20": 0.31778877932015576}