{"Recall@1": 0.1800478218062322, "ACC@1": 0.1800478218062322, "F1@1": 0.1800478218062322, "MRR@1": 0.1800478218062322, "MRR": 0.27220982592665754, "MAP@1": 0.1800478218062322, "NDCG@1": 0.1800478218062322, "Recall@5": 0.3869346733668342, "ACC@5": 0.3869346733668342, "F1@5": 0.12897822445561138, "MRR@5": 0.2567602644264586, "MAP@5": 0.2567602644264586, "NDCG@5": 0.2892004713363605, "Recall@10": 0.46690193972406563, "ACC@10": 0.46690193972406563, "F1@10": 0.08489126176801194, "MRR@10": 0.2675809223020459, "MAP@10": 0.2675809223020459, "NDCG@10": 0.3152088438593365, "Recall@20": 0.5330341273799021, "ACC@20": 0.5330341273799021, "F1@20": 0.05076515498856211, "MRR@20": 0.27220982592665754, "MAP@20": 0.27220982592665754, "NDCG@20": 0.3319785719835243}