{"Recall@1": 0.16580126609289422, "ACC@1": 0.16580126609289422, "F1@1": 0.16580126609289422, "MRR@1": 0.16580126609289422, "MRR": 0.2595995752636926, "MAP@1": 0.16580126609289422, "NDCG@1": 0.16580126609289422, "Recall@5": 0.37456433601251865, "ACC@5": 0.37456433601251865, "F1@5": 0.12485477867083956, "MRR@5": 0.24116856738664824, "MAP@5": 0.24116856738664824, "NDCG@5": 0.2742896859875595, "Recall@10": 0.46895227256561633, "ACC@10": 0.46895227256561633, "F1@10": 0.08526404955738479, "MRR@10": 0.2539075216274874, "MAP@10": 0.2539075216274874, "NDCG@10": 0.3049553332293806, "Recall@20": 0.5500154112430946, "ACC@20": 0.5500154112430946, "F1@20": 0.052382420118389963, "MRR@20": 0.2595995752636926, "MAP@20": 0.2595995752636926, "NDCG@20": 0.32553489763454957}