{"Recall@1": 0.1321768707482993, "ACC@1": 0.1321768707482993, "F1@1": 0.1321768707482993, "MRR@1": 0.1321768707482993, "MRR": 0.24565903744670264, "MAP@1": 0.1321768707482993, "NDCG@1": 0.1321768707482993, "Recall@5": 0.3889795918367347, "ACC@5": 0.3889795918367347, "F1@5": 0.1296598639455782, "MRR@5": 0.22319727891156466, "MAP@5": 0.22319727891156466, "NDCG@5": 0.2642905060251489, "Recall@10": 0.5059183673469387, "ACC@10": 0.5059183673469387, "F1@10": 0.0919851576994434, "MRR@10": 0.23901293056905315, "MAP@10": 0.23901293056905315, "NDCG@10": 0.30231287091076553, "Recall@20": 0.6003401360544217, "ACC@20": 0.6003401360544217, "F1@20": 0.057175251052802065, "MRR@20": 0.24565903744670264, "MAP@20": 0.24565903744670264, "NDCG@20": 0.32630191468710923}