{"Recall@1": 0.1539464637124499, "ACC@1": 0.1539464637124499, "F1@1": 0.1539464637124499, "MRR@1": 0.1539464637124499, "MRR": 0.23428146009258183, "MAP@1": 0.1539464637124499, "NDCG@1": 0.1539464637124499, "Recall@5": 0.3304644711572658, "ACC@5": 0.3304644711572658, "F1@5": 0.1101548237190886, "MRR@5": 0.2188068536564163, "MAP@5": 0.2188068536564163, "NDCG@5": 0.24659648208707652, "Recall@10": 0.4081845555634588, "ACC@10": 0.4081845555634588, "F1@10": 0.07421537373881068, "MRR@10": 0.2291948218223201, "MAP@10": 0.2291948218223201, "NDCG@10": 0.27174548117676706, "Recall@20": 0.4810678805984304, "ACC@20": 0.4810678805984304, "F1@20": 0.04581598862842194, "MRR@20": 0.23428146009258183, "MAP@20": 0.23428146009258183, "NDCG@20": 0.29020919028100484}