usr_id,traj_id,RMF,AN,AL
0,0,0.8523156227666888,0.18994413407821228,0.1930385144866249
