usr_id,traj_id,RMF,AN,AL
0,0,0.39139115489036036,0.9832402234636871,0.9988641517898582
