usr_id,traj_id,RMF,AN,AL
0,0,3.6021783371578278,0.994413407821229,0.9990731425789467
