{
    "summary": {
        "RMF": 0.8333333333333333,
        "AN": 0.20833333333333331,
        "AL": 0.20833333333333331
    },
    "details": {
        "0": {
            "0": {
                "RMF": 1.0,
                "AN": 0.1111111111111111,
                "AL": 0.1111111111111111
            }
        },
        "1": {
            "1": {
                "RMF": 0.7777777777777778,
                "AN": 0.2222222222222222,
                "AL": 0.2222222222222222
            }
        },
        "2": {
            "2": {
                "RMF": 0.7777777777777778,
                "AN": 0.2222222222222222,
                "AL": 0.2222222222222222
            }
        },
        "3": {
            "3": {
                "RMF": 0.7777777777777778,
                "AN": 0.2222222222222222,
                "AL": 0.2222222222222222
            }
        },
        "4": {
            "4": {
                "RMF": 0.7777777777777778,
                "AN": 0.2222222222222222,
                "AL": 0.2222222222222222
            }
        },
        "5": {
            "5": {
                "RMF": 0.8888888888888888,
                "AN": 0.2222222222222222,
                "AL": 0.2222222222222222
            }
        },
        "6": {
            "6": {
                "RMF": 0.7777777777777778,
                "AN": 0.2222222222222222,
                "AL": 0.2222222222222222
            }
        },
        "7": {
            "7": {
                "RMF": 0.8888888888888888,
                "AN": 0.2222222222222222,
                "AL": 0.2222222222222222
            }
        }
    }
}