{"Recall@1": 0.11470906517938899, "ACC@1": 0.11470906517938899, "F1@1": 0.11470906517938899, "MRR@1": 0.11470906517938899, "MRR": 0.19400344673844835, "MAP@1": 0.11470906517938899, "NDCG@1": 0.11470906517938899, "Recall@5": 0.2882710397069841, "ACC@5": 0.2882710397069841, "F1@5": 0.09609034656899469, "MRR@5": 0.17653375509864316, "MAP@5": 0.17653375509864316, "NDCG@5": 0.20423048146290418, "Recall@10": 0.37634229584616663, "ACC@10": 0.37634229584616663, "F1@10": 0.0684258719720303, "MRR@10": 0.18829753217083614, "MAP@10": 0.18829753217083614, "NDCG@10": 0.2327188025535776, "Recall@20": 0.4572546408057937, "ACC@20": 0.4572546408057937, "F1@20": 0.04354806102912321, "MRR@20": 0.19400344673844835, "MAP@20": 0.19400344673844835, "NDCG@20": 0.25328685051169436}