{"Recall@1": 0.1008907017397819, "ACC@1": 0.1008907017397819, "F1@1": 0.10089070173978189, "MRR@1": 0.1008907017397819, "MRR": 0.20180041547352548, "MAP@1": 0.1008907017397819, "NDCG@1": 0.1008907017397819, "Recall@5": 0.3140764172146841, "ACC@5": 0.3140764172146841, "F1@5": 0.10469213907156136, "MRR@5": 0.1749132883820306, "MAP@5": 0.1749132883820306, "NDCG@5": 0.20931784738255904, "Recall@10": 0.449679513859985, "ACC@10": 0.449679513859985, "F1@10": 0.08175991161090636, "MRR@10": 0.19314611551771302, "MAP@10": 0.19314611551771302, "NDCG@10": 0.25330467793170464, "Recall@20": 0.5739615416631982, "ACC@20": 0.5739615416631982, "F1@20": 0.05466300396792364, "MRR@20": 0.20180041547352548, "MAP@20": 0.20180041547352548, "NDCG@20": 0.2847623227414793}