{"Recall@1": 0.15722086236113728, "ACC@1": 0.15722086236113728, "F1@1": 0.15722086236113728, "MRR@1": 0.15722086236113728, "MRR": 0.2545576353563297, "MAP@1": 0.15722086236113728, "NDCG@1": 0.15722086236113728, "Recall@5": 0.3738655620410469, "ACC@5": 0.3738655620410469, "F1@5": 0.12462185401368228, "MRR@5": 0.23688068788049926, "MAP@5": 0.23688068788049926, "NDCG@5": 0.2709847366704198, "Recall@10": 0.46492186028996424, "ACC@10": 0.46492186028996424, "F1@10": 0.08453124732544803, "MRR@10": 0.24905072730152777, "MAP@10": 0.24905072730152777, "NDCG@10": 0.3004475155640561, "Recall@20": 0.5434004895499905, "ACC@20": 0.5434004895499905, "F1@20": 0.05175242757618958, "MRR@20": 0.2545576353563297, "MAP@20": 0.2545576353563297, "NDCG@20": 0.3203641427188272}