{"Recall@1": 0.15907766586198285, "ACC@1": 0.15907766586198285, "F1@1": 0.15907766586198285, "MRR@1": 0.15907766586198285, "MRR": 0.24424530042619472, "MAP@1": 0.15907766586198285, "NDCG@1": 0.15907766586198285, "Recall@5": 0.3418796304003996, "ACC@5": 0.3418796304003996, "F1@5": 0.1139598768001332, "MRR@5": 0.22503815311190653, "MAP@5": 0.22503815311190653, "NDCG@5": 0.2540488557904798, "Recall@10": 0.4384416881711479, "ACC@10": 0.4384416881711479, "F1@10": 0.07971667057657235, "MRR@10": 0.2379401481728129, "MAP@10": 0.2379401481728129, "NDCG@10": 0.2852895295859733, "Recall@20": 0.5280113210688421, "ACC@20": 0.5280113210688421, "F1@20": 0.05028679248274687, "MRR@20": 0.24424530042619472, "MAP@20": 0.24424530042619472, "NDCG@20": 0.30804768108364505}