{
 "Recall@1": 0.0855739615416632,
 "ACC@1": 0.0855739615416632,
 "F1@1": 0.0855739615416632,
 "MRR@1": 0.0855739615416632,
 "MRR": 0.15761426940453133,
 "MAP@1": 0.0855739615416632,
 "NDCG@1": 0.0855739615416632,
 "Recall@5": 0.24023974028136186,
 "ACC@5": 0.24023974028136186,
 "F1@5": 0.08007991342712062,
 "MRR@5": 0.13994977663087213,
 "MAP@5": 0.13994977663087213,
 "NDCG@5": 0.1647680999232259,
 "Recall@10": 0.3303920752518105,
 "ACC@10": 0.3303920752518105,
 "F1@10": 0.060071286409420104,
 "MRR@10": 0.15200900083111019,
 "MAP@10": 0.15200900083111019,
 "NDCG@10": 0.19394823656153445,
 "Recall@20": 0.41030550237242985,
 "ACC@20": 0.41030550237242985,
 "F1@20": 0.03907671451165999,
 "MRR@20": 0.15761426940453133,
 "MAP@20": 0.15761426940453133,
 "NDCG@20": 0.21422655023526763
}