{"Recall@1": 0.10338799633730125, "ACC@1": 0.10338799633730125, "F1@1": 0.10338799633730125, "MRR@1": 0.10338799633730125, "MRR": 0.2041260027498104, "MAP@1": 0.10338799633730125, "NDCG@1": 0.10338799633730125, "Recall@5": 0.3210688420877383, "ACC@5": 0.3210688420877383, "F1@5": 0.10702294736257942, "MRR@5": 0.17921557201920119, "MAP@5": 0.17921557201920119, "NDCG@5": 0.21430037070069374, "Recall@10": 0.45109464746524597, "ACC@10": 0.45109464746524597, "F1@10": 0.08201720863004473, "MRR@10": 0.19649721399700576, "MAP@10": 0.19649721399700576, "NDCG@10": 0.2562750766373488, "Recall@20": 0.5584783151585782, "ACC@20": 0.5584783151585782, "F1@20": 0.05318841096748363, "MRR@20": 0.2041260027498104, "MAP@20": 0.2041260027498104, "NDCG@20": 0.2836458362357981}