{"Recall@1": 0.028469158411720635, "ACC@1": 0.028469158411720635, "F1@1": 0.028469158411720635, "MRR@1": 0.028469158411720635, "MRR": 0.11648465373754649, "MAP@1": 0.028469158411720635, "NDCG@1": 0.028469158411720635, "Recall@5": 0.22284192125197702, "ACC@5": 0.22284192125197702, "F1@5": 0.07428064041732568, "MRR@5": 0.09848358722495074, "MAP@5": 0.09848358722495074, "NDCG@5": 0.12936311149042828, "Recall@10": 0.3199866810954799, "ACC@10": 0.3199866810954799, "F1@10": 0.058179396562814525, "MRR@10": 0.11155173826238507, "MAP@10": 0.11155173826238507, "NDCG@10": 0.16088345034514226, "Recall@20": 0.3900774161325231, "ACC@20": 0.3900774161325231, "F1@20": 0.037150230107859346, "MRR@20": 0.11648465373754649, "MAP@20": 0.11648465373754649, "NDCG@20": 0.1786897811399619}