{"Recall@1": 0.16049279946724382, "ACC@1": 0.16049279946724382, "F1@1": 0.16049279946724382, "MRR@1": 0.16049279946724382, "MRR": 0.23364945051706482, "MAP@1": 0.16049279946724382, "NDCG@1": 0.16049279946724382, "Recall@5": 0.3231499209190044, "ACC@5": 0.3231499209190044, "F1@5": 0.10771664030633481, "MRR@5": 0.2199200865728792, "MAP@5": 0.2199200865728792, "NDCG@5": 0.24558845719427394, "Recall@10": 0.3908266045117789, "ACC@10": 0.3908266045117789, "F1@10": 0.07105938263850527, "MRR@10": 0.22898569539083982, "MAP@10": 0.22898569539083982, "NDCG@10": 0.26750427115290853, "Recall@20": 0.45733788395904434, "ACC@20": 0.45733788395904434, "F1@20": 0.043555988948480416, "MRR@20": 0.23364945051706482, "MAP@20": 0.23364945051706482, "NDCG@20": 0.28438068796201743}