{"Recall@1": 0.13023182834503588, "ACC@1": 0.13023182834503588, "F1@1": 0.13023182834503588, "MRR@1": 0.13023182834503588, "MRR": 0.197829861872401, "MAP@1": 0.13023182834503588, "NDCG@1": 0.13023182834503588, "Recall@5": 0.2805083748479975, "ACC@5": 0.2805083748479975, "F1@5": 0.09350279161599917, "MRR@5": 0.18577256501784806, "MAP@5": 0.18577256501784806, "NDCG@5": 0.20936511728329216, "Recall@10": 0.3426823049464559, "ACC@10": 0.3426823049464559, "F1@10": 0.062305873626628344, "MRR@10": 0.1941566281188922, "MAP@10": 0.1941566281188922, "NDCG@10": 0.22955632905247975, "Recall@20": 0.3951280743733574, "ACC@20": 0.3951280743733574, "F1@20": 0.03763124517841499, "MRR@20": 0.197829861872401, "MAP@20": 0.197829861872401, "NDCG@20": 0.2428577630978857}