{"Recall@1": 0.005327561808041289, "ACC@1": 0.005327561808041289, "F1@1": 0.005327561808041289, "MRR@1": 0.005327561808041289, "MRR": 0.01218693588938324, "MAP@1": 0.005327561808041289, "NDCG@1": 0.005327561808041289, "Recall@5": 0.018979438941147092, "ACC@5": 0.018979438941147092, "F1@5": 0.006326479647049031, "MRR@5": 0.009685340880712564, "MAP@5": 0.009685340880712564, "NDCG@5": 0.011956542645429618, "Recall@10": 0.0307999667027387, "ACC@10": 0.0307999667027387, "F1@10": 0.00559999394595249, "MRR@10": 0.01120433022955291, "MAP@10": 0.01120433022955291, "NDCG@10": 0.01572068729446755, "Recall@20": 0.04553400482810289, "ACC@20": 0.04553400482810289, "F1@20": 0.004336571888390752, "MRR@20": 0.01218693588938324, "MAP@20": 0.01218693588938324, "NDCG@20": 0.019395774691659057}