{"Recall@1": 0.04103887455256805, "ACC@1": 0.04103887455256805, "F1@1": 0.04103887455256805, "MRR@1": 0.04103887455256805, "MRR": 0.09468409291911901, "MAP@1": 0.04103887455256805, "NDCG@1": 0.04103887455256805, "Recall@5": 0.15375010405394157, "ACC@5": 0.15375010405394157, "F1@5": 0.051250034684647186, "MRR@5": 0.07898665334776216, "MAP@5": 0.07898665334776216, "NDCG@5": 0.09740539146214496, "Recall@10": 0.23299758594855574, "ACC@10": 0.23299758594855574, "F1@10": 0.04236319744519196, "MRR@10": 0.08952976206992687, "MAP@10": 0.08952976206992687, "NDCG@10": 0.12300210520709824, "Recall@20": 0.3061683176558728, "ACC@20": 0.3061683176558728, "F1@20": 0.029158887395797414, "MRR@20": 0.09468409291911901, "MAP@20": 0.09468409291911901, "NDCG@20": 0.14159736941861534}