{"Recall@1": 0.10447015732955964, "ACC@1": 0.10447015732955964, "F1@1": 0.10447015732955964, "MRR@1": 0.10447015732955964, "MRR": 0.1807459605487911, "MAP@1": 0.10447015732955964, "NDCG@1": 0.10447015732955964, "Recall@5": 0.2690418713060851, "ACC@5": 0.2690418713060851, "F1@5": 0.08968062376869501, "MRR@5": 0.16119620411221164, "MAP@5": 0.16119620411221164, "NDCG@5": 0.18783628598941632, "Recall@10": 0.36568717223008407, "ACC@10": 0.36568717223008407, "F1@10": 0.0664885767691062, "MRR@10": 0.17388830750813578, "MAP@10": 0.17388830750813578, "NDCG@10": 0.21888637251766155, "Recall@20": 0.46408057937234665, "ACC@20": 0.46408057937234665, "F1@20": 0.044198150416413964, "MRR@20": 0.1807459605487911, "MAP@20": 0.1807459605487911, "NDCG@20": 0.24380443061667514}