{"Recall@1": 0.3933333333333333, "ACC@1": 0.3933333333333333, "F1@1": 0.3933333333333333, "MRR@1": 0.3933333333333333, "MRR": 0.5886261123136121, "MAP@1": 0.3933333333333333, "NDCG@1": 0.3933333333333333, "Recall@5": 0.8816666666666667, "ACC@5": 0.8816666666666667, "F1@5": 0.29388888888888887, "MRR@5": 0.5755833333333332, "MAP@5": 0.5755833333333332, "NDCG@5": 0.6519753524625069, "Recall@10": 0.9666666666666667, "ACC@10": 0.9666666666666667, "F1@10": 0.17575757575757578, "MRR@10": 0.587341931216931, "MAP@10": 0.587341931216931, "NDCG@10": 0.6798806837923508, "Recall@20": 0.9833333333333333, "ACC@20": 0.9833333333333333, "F1@20": 0.09365079365079364, "MRR@20": 0.5886261123136121, "MAP@20": 0.5886261123136121, "NDCG@20": 0.6842559620362209}