usr_id,traj_id,RMF,AN,AL
0,0,0.3293163306135059,0.580952380952381,0.6706836693864942
