usr_id,traj_id,RMF,AN,AL
0,0,6.630074066662271,0.9904761904761905,0.9993606265995086
