{
    "summary": {
        "RMF": 0.9090909090909091,
        "AN": 0.0909090909090909,
        "AL": 0.0909090909090909
    },
    "details": {
        "0": {
            "0": {
                "RMF": 0.9090909090909091,
                "AN": 0.09090909090909091,
                "AL": 0.09090909090909091
            }
        },
        "1": {
            "1": {
                "RMF": 0.9090909090909091,
                "AN": 0.09090909090909091,
                "AL": 0.09090909090909091
            }
        },
        "2": {
            "2": {
                "RMF": 0.9090909090909091,
                "AN": 0.09090909090909091,
                "AL": 0.09090909090909091
            }
        }
    }
}