{
    "summary": {
        "RMF": 19.545454545454547,
        "AN": 0.0909090909090909,
        "AL": 0.0909090909090909
    },
    "details": {
        "0": {
            "0": {
                "RMF": 28.272727272727273,
                "AN": 0.0,
                "AL": 0.0
            }
        },
        "1": {
            "1": {
                "RMF": 2.4545454545454546,
                "AN": 0.18181818181818182,
                "AL": 0.18181818181818182
            }
        },
        "2": {
            "2": {
                "RMF": 27.90909090909091,
                "AN": 0.09090909090909091,
                "AL": 0.09090909090909091
            }
        }
    }
}