{
    "summary": {
        "RMF": 49.648936170212764,
        "AN": 0.0,
        "AL": 0.0
    },
    "details": {
        "0": {
            "0": {
                "RMF": 49.648936170212764,
                "AN": 0.0,
                "AL": 0.0
            }
        }
    }
}