{
    "summary": {
        "RMF": 6.0,
        "AN": 0.10526315789473684,
        "AL": 0.10526315789473684
    },
    "details": {
        "0": {
            "0": {
                "RMF": 1.631578947368421,
                "AN": 0.15789473684210525,
                "AL": 0.15789473684210525
            }
        },
        "1": {
            "1": {
                "RMF": 10.368421052631579,
                "AN": 0.05263157894736842,
                "AL": 0.05263157894736842
            }
        }
    }
}