{"Recall@1": 0.08889683532987663, "ACC@1": 0.08889683532987663, "F1@1": 0.08889683532987663, "MRR@1": 0.08889683532987663, "MRR": 0.17182328482229428, "MAP@1": 0.08889683532987663, "NDCG@1": 0.08889683532987663, "Recall@5": 0.26779903450742, "ACC@5": 0.26779903450742, "F1@5": 0.08926634483580667, "MRR@5": 0.1515304845342392, "MAP@5": 0.1515304845342392, "NDCG@5": 0.18029791990162225, "Recall@10": 0.36903271947076705, "ACC@10": 0.36903271947076705, "F1@10": 0.067096858085594, "MRR@10": 0.16507327753796555, "MAP@10": 0.16507327753796555, "NDCG@10": 0.21306598468584395, "Recall@20": 0.4651528696585017, "ACC@20": 0.4651528696585017, "F1@20": 0.044300273300809684, "MRR@20": 0.17182328482229428, "MAP@20": 0.17182328482229428, "NDCG@20": 0.23746783530172938}