{"Recall@1": 0.13653543307086613, "ACC@1": 0.13653543307086613, "F1@1": 0.13653543307086613, "MRR@1": 0.13653543307086613, "MRR": 0.23697057228313795, "MAP@1": 0.13653543307086613, "NDCG@1": 0.13653543307086613, "Recall@5": 0.35763779527559053, "ACC@5": 0.35763779527559053, "F1@5": 0.11921259842519685, "MRR@5": 0.21517322834645675, "MAP@5": 0.21517322834645675, "NDCG@5": 0.25051306986202954, "Recall@10": 0.46834645669291336, "ACC@10": 0.46834645669291336, "F1@10": 0.08515390121689334, "MRR@10": 0.2300419947506563, "MAP@10": 0.2300419947506563, "NDCG@10": 0.28640400119991705, "Recall@20": 0.5677165354330709, "ACC@20": 0.5677165354330709, "F1@20": 0.054068241469816265, "MRR@20": 0.23697057228313795, "MAP@20": 0.23697057228313795, "NDCG@20": 0.3115712826711969}