{"Recall@1": 0.01984623636688718, "ACC@1": 0.01984623636688718, "F1@1": 0.01984623636688718, "MRR@1": 0.01984623636688718, "MRR": 0.07987923091791736, "MAP@1": 0.01984623636688718, "NDCG@1": 0.01984623636688718, "Recall@5": 0.1499016627927767, "ACC@5": 0.1499016627927767, "F1@5": 0.04996722093092556, "MRR@5": 0.06683890577507588, "MAP@5": 0.06683890577507588, "NDCG@5": 0.08746509530853122, "Recall@10": 0.21551939924906133, "ACC@10": 0.21551939924906133, "F1@10": 0.03918534531801115, "MRR@10": 0.07557255526324001, "MAP@10": 0.07557255526324001, "NDCG@10": 0.10866106990252011, "Recall@20": 0.27666726264974073, "ACC@20": 0.27666726264974073, "F1@20": 0.026349263109499112, "MRR@20": 0.07987923091791736, "MAP@20": 0.07987923091791736, "NDCG@20": 0.12419957283736077}