{"Recall@1": 0.16306096906847845, "ACC@1": 0.16306096906847845, "F1@1": 0.16306096906847845, "MRR@1": 0.16306096906847845, "MRR": 0.23930115812694175, "MAP@1": 0.16306096906847845, "NDCG@1": 0.16306096906847845, "Recall@5": 0.3330591811192562, "ACC@5": 0.3330591811192562, "F1@5": 0.11101972703975205, "MRR@5": 0.22637403897729197, "MAP@5": 0.22637403897729197, "NDCG@5": 0.25296869835916946, "Recall@10": 0.39771142499553014, "ACC@10": 0.39771142499553014, "F1@10": 0.07231116818100548, "MRR@10": 0.23507422827286964, "MAP@10": 0.23507422827286964, "NDCG@10": 0.2739479064018649, "Recall@20": 0.4586804934739853, "ACC@20": 0.4586804934739853, "F1@20": 0.043683856521331936, "MRR@20": 0.23930115812694175, "MAP@20": 0.23930115812694175, "NDCG@20": 0.2893566707578947}