{
    "summary": {
        "RMF": 9.848235294117647,
        "AN": 0.2564705882352941,
        "AL": 0.2564705882352941
    },
    "details": {
        "0": {
            "0": {
                "RMF": 8.52,
                "AN": 0.16,
                "AL": 0.16
            },
            "1": {
                "RMF": 11.176470588235293,
                "AN": 0.35294117647058826,
                "AL": 0.35294117647058826
            }
        }
    }
}