{
    "summary": {
        "RMF": 0.9811320754716982,
        "AN": 0.018867924528301886,
        "AL": 0.018867924528301886
    },
    "details": {
        "0": {
            "0": {
                "RMF": 0.9811320754716981,
                "AN": 0.018867924528301886,
                "AL": 0.018867924528301886
            }
        },
        "1": {
            "1": {
                "RMF": 0.9811320754716981,
                "AN": 0.018867924528301886,
                "AL": 0.018867924528301886
            }
        },
        "2": {
            "2": {
                "RMF": 0.9811320754716981,
                "AN": 0.018867924528301886,
                "AL": 0.018867924528301886
            }
        }
    }
}