usr_id,traj_id,RMF,AN,AL
0,0,0.017626241427332722,0.9970326409495549,0.9996541259633895
