usr_id,traj_id,RMF,AN,AL
0,0,0.021031429548002214,0.9970326409495549,0.9968787661677876
