{
    "summary": {
        "RMF": 0.9473684210526314,
        "AN": 0.05263157894736841,
        "AL": 0.05263157894736841
    },
    "details": {
        "0": {
            "0": {
                "RMF": 0.9473684210526315,
                "AN": 0.05263157894736842,
                "AL": 0.05263157894736842
            }
        },
        "1": {
            "1": {
                "RMF": 0.9473684210526315,
                "AN": 0.05263157894736842,
                "AL": 0.05263157894736842
            }
        },
        "2": {
            "2": {
                "RMF": 0.9473684210526315,
                "AN": 0.05263157894736842,
                "AL": 0.05263157894736842
            }
        },
        "3": {
            "3": {
                "RMF": 0.9473684210526315,
                "AN": 0.05263157894736842,
                "AL": 0.05263157894736842
            }
        },
        "4": {
            "4": {
                "RMF": 0.9473684210526315,
                "AN": 0.05263157894736842,
                "AL": 0.05263157894736842
            }
        },
        "5": {
            "5": {
                "RMF": 0.9473684210526315,
                "AN": 0.05263157894736842,
                "AL": 0.05263157894736842
            }
        },
        "6": {
            "6": {
                "RMF": 0.9473684210526315,
                "AN": 0.05263157894736842,
                "AL": 0.05263157894736842
            }
        },
        "7": {
            "7": {
                "RMF": 0.9473684210526315,
                "AN": 0.05263157894736842,
                "AL": 0.05263157894736842
            }
        },
        "8": {
            "8": {
                "RMF": 0.9473684210526315,
                "AN": 0.05263157894736842,
                "AL": 0.05263157894736842
            }
        },
        "9": {
            "9": {
                "RMF": 0.9473684210526315,
                "AN": 0.05263157894736842,
                "AL": 0.05263157894736842
            }
        },
        "10": {
            "10": {
                "RMF": 0.9473684210526315,
                "AN": 0.05263157894736842,
                "AL": 0.05263157894736842
            }
        },
        "11": {
            "11": {
                "RMF": 0.9473684210526315,
                "AN": 0.05263157894736842,
                "AL": 0.05263157894736842
            }
        },
        "12": {
            "12": {
                "RMF": 0.9473684210526315,
                "AN": 0.05263157894736842,
                "AL": 0.05263157894736842
            }
        },
        "13": {
            "13": {
                "RMF": 0.9473684210526315,
                "AN": 0.05263157894736842,
                "AL": 0.05263157894736842
            }
        },
        "14": {
            "14": {
                "RMF": 0.9473684210526315,
                "AN": 0.05263157894736842,
                "AL": 0.05263157894736842
            }
        },
        "15": {
            "15": {
                "RMF": 0.9473684210526315,
                "AN": 0.05263157894736842,
                "AL": 0.05263157894736842
            }
        },
        "16": {
            "16": {
                "RMF": 0.9473684210526315,
                "AN": 0.05263157894736842,
                "AL": 0.05263157894736842
            }
        },
        "17": {
            "17": {
                "RMF": 0.9473684210526315,
                "AN": 0.05263157894736842,
                "AL": 0.05263157894736842
            }
        }
    }
}