{
    "summary": {
        "RMF": 0.9473684210526315,
        "AN": 0.05263157894736842,
        "AL": 0.05263157894736842
    },
    "details": {
        "0": {
            "0": {
                "RMF": 0.9473684210526315,
                "AN": 0.05263157894736842,
                "AL": 0.05263157894736842
            }
        },
        "1": {
            "1": {
                "RMF": 0.9473684210526315,
                "AN": 0.05263157894736842,
                "AL": 0.05263157894736842
            }
        }
    }
}