{"Recall@1": 0.1365635615948507, "ACC@1": 0.1365635615948507, "F1@1": 0.1365635615948507, "MRR@1": 0.1365635615948507, "MRR": 0.21556914257567564, "MAP@1": 0.1365635615948507, "NDCG@1": 0.1365635615948507, "Recall@5": 0.30885034865009836, "ACC@5": 0.30885034865009836, "F1@5": 0.10295011621669943, "MRR@5": 0.19900530424935936, "MAP@5": 0.19900530424935936, "NDCG@5": 0.2262990436204882, "Recall@10": 0.390738423028786, "ACC@10": 0.390738423028786, "F1@10": 0.07104334964159746, "MRR@10": 0.20991783947621612, "MAP@10": 0.20991783947621612, "NDCG@10": 0.2527628425393318, "Recall@20": 0.4718397997496871, "ACC@20": 0.4718397997496871, "F1@20": 0.044937123785684485, "MRR@20": 0.21556914257567564, "MAP@20": 0.21556914257567564, "NDCG@20": 0.2732963170790126}