{"Recall@1": 0.03296978365814411, "ACC@1": 0.03296978365814411, "F1@1": 0.03296978365814411, "MRR@1": 0.03296978365814411, "MRR": 0.06823513917783262, "MAP@1": 0.03296978365814411, "NDCG@1": 0.03296978365814411, "Recall@5": 0.10670480958340783, "ACC@5": 0.10670480958340783, "F1@5": 0.03556826986113595, "MRR@5": 0.058162584182609216, "MAP@5": 0.058162584182609216, "NDCG@5": 0.07014857994046896, "Recall@10": 0.15666011085285178, "ACC@10": 0.15666011085285178, "F1@10": 0.028483656518700325, "MRR@10": 0.06673595679406512, "MAP@10": 0.06673595679406512, "NDCG@10": 0.0877894562649455, "Recall@20": 0.20758090470230645, "ACC@20": 0.20758090470230645, "F1@20": 0.019769609971648235, "MRR@20": 0.06823513917783262, "MAP@20": 0.06823513917783262, "NDCG@20": 0.09905727401533203}