{"Recall@1": 0.12984387634508926, "ACC@1": 0.12984387634508926, "F1@1": 0.12984387634508926, "MRR@1": 0.12984387634508926, "MRR": 0.21060989093873517, "MAP@1": 0.12984387634508926, "NDCG@1": 0.12984387634508926, "Recall@5": 0.3095571313055918, "ACC@5": 0.3095571313055918, "F1@5": 0.1031857104351973, "MRR@5": 0.19444444444444575, "MAP@5": 0.19444444444444575, "NDCG@5": 0.22301236164425733, "Recall@10": 0.38982708216707096, "ACC@10": 0.38982708216707096, "F1@10": 0.07087765130310382, "MRR@10": 0.20528285996656964, "MAP@10": 0.20528285996656964, "NDCG@10": 0.24909464015328492, "Recall@20": 0.46602288984263235, "ACC@20": 0.46602288984263235, "F1@20": 0.044383132365964986, "MRR@20": 0.21060989093873517, "MAP@20": 0.21060989093873517, "NDCG@20": 0.26840764647785464}