{"Recall@1": 0.0477740032183086, "ACC@1": 0.0477740032183086, "F1@1": 0.047774003218308596, "MRR@1": 0.0477740032183086, "MRR": 0.09408644028466645, "MAP@1": 0.0477740032183086, "NDCG@1": 0.0477740032183086, "Recall@5": 0.14593241551939926, "ACC@5": 0.14593241551939926, "F1@5": 0.048644138506466414, "MRR@5": 0.08114428750223486, "MAP@5": 0.08114428750223486, "NDCG@5": 0.09711838303015745, "Recall@10": 0.20983372072233147, "ACC@10": 0.20983372072233147, "F1@10": 0.03815158558587845, "MRR@10": 0.08957940623057734, "MAP@10": 0.08957940623057734, "NDCG@10": 0.11768885277759925, "Recall@20": 0.2735562310030395, "ACC@20": 0.2735562310030395, "F1@20": 0.02605297438124186, "MRR@20": 0.09408644028466645, "MAP@20": 0.09408644028466645, "NDCG@20": 0.13390699238461748}