{"Recall@1": 0.15390666905059897, "ACC@1": 0.15390666905059897, "F1@1": 0.15390666905059897, "MRR@1": 0.15390666905059897, "MRR": 0.24190842553901953, "MAP@1": 0.15390666905059897, "NDCG@1": 0.15390666905059897, "Recall@5": 0.34711246200607904, "ACC@5": 0.34711246200607904, "F1@5": 0.11570415400202634, "MRR@5": 0.22376303712974552, "MAP@5": 0.22376303712974552, "NDCG@5": 0.2543844100696956, "Recall@10": 0.4371535848381906, "ACC@10": 0.4371535848381906, "F1@10": 0.0794824699705801, "MRR@10": 0.23586416126734375, "MAP@10": 0.23586416126734375, "NDCG@10": 0.2835870112374834, "Recall@20": 0.5236903271947076, "ACC@20": 0.5236903271947076, "F1@20": 0.04987526925663882, "MRR@20": 0.24190842553901953, "MAP@20": 0.24190842553901953, "NDCG@20": 0.30551609681651043}