{"Recall@1": 0.15269086357947434, "ACC@1": 0.15269086357947434, "F1@1": 0.15269086357947434, "MRR@1": 0.15269086357947434, "MRR": 0.23326009069190606, "MAP@1": 0.15269086357947434, "NDCG@1": 0.15269086357947434, "Recall@5": 0.3293760057214375, "ACC@5": 0.3293760057214375, "F1@5": 0.10979200190714583, "MRR@5": 0.21694320281304044, "MAP@5": 0.21694320281304044, "NDCG@5": 0.24488656500522685, "Recall@10": 0.409940997675666, "ACC@10": 0.409940997675666, "F1@10": 0.0745347268501211, "MRR@10": 0.2276871315902245, "MAP@10": 0.2276871315902245, "NDCG@10": 0.27093358382811716, "Recall@20": 0.48968353298766315, "ACC@20": 0.48968353298766315, "F1@20": 0.04663652695120602, "MRR@20": 0.23326009069190606, "MAP@20": 0.23326009069190606, "NDCG@20": 0.29114390469703605}