{"Recall@1": 0.008653674235651708, "ACC@1": 0.008653674235651708, "F1@1": 0.008653674235651708, "MRR@1": 0.008653674235651708, "MRR": 0.010540953495896625, "MAP@1": 0.008653674235651708, "NDCG@1": 0.008653674235651708, "Recall@5": 0.012515644555694618, "ACC@5": 0.012515644555694618, "F1@5": 0.004171881518564873, "MRR@5": 0.01020263424518744, "MAP@5": 0.01020263424518744, "NDCG@5": 0.010785746355981904, "Recall@10": 0.014339352762381548, "ACC@10": 0.014339352762381548, "F1@10": 0.002607155047705736, "MRR@10": 0.010435166974591256, "MAP@10": 0.010435166974591256, "NDCG@10": 0.011364557786297108, "Recall@20": 0.015876989093509743, "ACC@20": 0.015876989093509743, "F1@20": 0.0015120941993818804, "MRR@20": 0.010540953495896625, "MAP@20": 0.010540953495896625, "NDCG@20": 0.011752261314925905}