{"Recall@1": 0.13781512605042018, "ACC@1": 0.13781512605042018, "F1@1": 0.13781512605042018, "MRR@1": 0.13781512605042018, "MRR": 0.2105292776966709, "MAP@1": 0.13781512605042018, "NDCG@1": 0.13781512605042018, "Recall@5": 0.2977650634721974, "ACC@5": 0.2977650634721974, "F1@5": 0.09925502115739915, "MRR@5": 0.19589844448417668, "MAP@5": 0.19589844448417668, "NDCG@5": 0.2212094465487191, "Recall@10": 0.3691042374396567, "ACC@10": 0.3691042374396567, "F1@10": 0.06710986135266485, "MRR@10": 0.2053599312065252, "MAP@10": 0.2053599312065252, "NDCG@10": 0.24421788474369863, "Recall@20": 0.4439120328982657, "ACC@20": 0.4439120328982657, "F1@20": 0.04227733646650149, "MRR@20": 0.2105292776966709, "MAP@20": 0.2105292776966709, "NDCG@20": 0.263102676752447}