{"Recall@1": 0.00224, "ACC@1": 0.00224, "F1@1": 0.00224, "MRR@1": 0.00224, "MRR": 0.005023913073510595, "MAP@1": 0.00224, "NDCG@1": 0.00224, "Recall@5": 0.00576, "ACC@5": 0.00576, "F1@5": 0.00192, "MRR@5": 0.0031626666666666665, "MAP@5": 0.0031626666666666665, "NDCG@5": 0.003786151607320509, "Recall@10": 0.01472, "ACC@10": 0.01472, "F1@10": 0.0026763636363636364, "MRR@10": 0.004279492063492062, "MAP@10": 0.004279492063492062, "NDCG@10": 0.006603034338003156, "Recall@20": 0.02464, "ACC@20": 0.02464, "F1@20": 0.0023466666666666666, "MRR@20": 0.005023913073510595, "MAP@20": 0.005023913073510595, "NDCG@20": 0.009180725747297726}